{"current":{"border_radius_theme":12,"heading_color":"#0d0d0d","text_color":"#262626","accent_color":"#dc6a3a","link_color":"#d27f55","border_color":"#e7e7e7","background":"#f0f0f0","secondary_background":"#ffffff","error_color":"#f15757","success_color":"#1ba642","primary_button_background":"#dc6a3a","primary_button_text_color":"#f0f0f0","btn_primary_color_buy":"#dc6a3a","btn_primary_color_buy_text":"#f0f0f0","secondary_button_background":"#dc6a3a","secondary_button_text_color":"#f0f0f0","header_background":"#ffffff","header_text_color":"#0d0d0d","header_light_text_color":"#262626","color_icons_header":"#0d0d0d","header_accent_color":"#dc6a3a","header_bar_background":"#f0f0f0","header_bar_text_color":"#262626","footer_background":"#0d0d0d","footer_text_color":"#f0f0f0","product_on_sale_accent":"#1ba642","discount_percentage_background":"#1ba642","product_cor_do_preco_semdesc":"#0d0d0d","product_cor_do_preco":"#1ba642","product_cor_do_preco_riscado":"#262626","product_cor_dos_titles":"#0076ff","product_in_stock_color":"#1ba642","product_low_stock_color":"#f15757","product_sold_out_color":"#363636","favicon":"shopify:\/\/shop_images\/Design_sem_nome-removebg-preview.png","mostrar_fretegratis1":false,"cordabarra":"#702dfa","cordotexto":"#ffffff","mostrar_estrelas_ryviu":true,"mostrar_estrelas":false,"corstars":"#ffce00","mostrar_bfimg":false,"show_vendor":false,"show_secondary_image":false,"show_discount":true,"discount_mode":"percentage","product_price_position":"after_title","product_image_size":"square","show_color_swatch":false,"show_inventory_quantity":false,"low_inventory_threshold":0,"show_reviews_badge":false,"show_parcelamento":true,"mostrar_parcelascomo":"no_info_juros","porcentagem_de_juros":"1.2161","qty_vezes":12,"addzap":false,"numberzap":"","titlezap":"Fale Conosco \n<span>\nO melhor suporte é com a (Sua Loja)!\n<\/span>","colorzap":"#1ba642","chatzap":"Olá, estou aqui para te ajudar!","digizap":"Digite sua mensagem...","base_text_font_size":15,"heading_font":"poppins_n6","text_font":"inter_n5","underline_links":true,"animation_image_zoom":true,"active_btn_animation":true,"active_btn_animation_normal":false,"search_mode":"product","cart_type":"drawer","cart_empty_button_link":"shopify:\/\/collections\/all","cart_show_free_shipping_threshold":false,"cart_free_shipping_threshold":"49","ali_hunter_enable":true,"botao_direito_enable":false,"selecionar_conteudo_enable":false,"social_facebook":"https:\/\/www.facebook.com","social_instagram":"https:\/\/instagram.com","social_fancy":"https:\/\/tiktok.com","social_pinterest":"","social_vimeo":"","social_tumblr":"","social_youtube":"","social_twitter":"","social_linkedin":"","social_snapchat":"","checkout_header_image":"","checkout_logo_image":"shopify:\/\/shop_images\/logo210x_40x_6b8e4909-3fbb-4178-8775-39900114df23.png","checkout_logo_position":"center","checkout_logo_size":"medium","checkout_body_background_image":"","checkout_body_background_color":"#f0f0f0","checkout_input_background_color_mode":"white","checkout_sidebar_background_image":"","checkout_sidebar_background_color":"#e7e7e7","checkout_heading_font":"-apple-system, BlinkMacSystemFont, 'Segoe UI', Roboto, Helvetica, Arial, sans-serif, 'Apple Color Emoji', 'Segoe UI Emoji', 'Segoe UI Symbol'","checkout_body_font":"-apple-system, BlinkMacSystemFont, 'Segoe UI', Roboto, Helvetica, Arial, sans-serif, 'Apple Color Emoji', 'Segoe UI Emoji', 'Segoe UI Symbol'","checkout_accent_color":"#1ba642","checkout_button_color":"#0d0d0d","checkout_error_color":"#f15757","background_link_color":"#7a00ff","product_label_1_background":"#ff6128","product_label_2_background":"#a95ebe","product_star_color":"#ffb647","cordefundo":"#702dfa","header_cordotexto":"#96a3da","header_corsubheader":"#1d2a6c","sections":{"header":{"type":"header","blocks":{"7000eb54-1dfe-42a3-9fb7-577d915b94cb":{"type":"mega_menu","disabled":true,"settings":{"menu_item":"","image_1_heading":"Your image","image_1_text":"Tell your story","image_1_link":"","image_2_heading":"Your image","image_2_text":"Tell your story","image_2_link":""}}},"block_order":["7000eb54-1dfe-42a3-9fb7-577d915b94cb"],"settings":{"enable_sticky_header":false,"box_shadow_header_active":true,"show_track_order_header":true,"rastreiopage":"rastrear-pedido","selector_style_search_icon":"style_2","logo":"shopify:\/\/shop_images\/ADESIGN-LOGO-__A.png","logo_max_width":200,"mobile_logo_max_width":150,"mostrar_barra":true,"background1":"#dc6a3a","background2":"#dc6a3a","background3":"#dc6a3a","barraimg_top":false,"barraimg_bottom":false,"bgimg":"#0d0d0d","imgpc_max_height":40,"imgmob_max_height":80,"linkimg":"https:\/\/adesignoficial.com\/","mostrar_bar_info_shipping":false,"bg_bar_info_bold":"#0d0d0d","bg_bar_info_normal":"#f0f0f0","navigation_menu":"","desktop_navigation_layout":"inline","desktop_navigation_open_trigger":"hover","show_navigation_social_media":true,"navigation_email":"sac@profissional.com","navigation_phone_number":"(00) 9000-0000","navigation_opening_hours":"Seg à Sex das 09:00h às 17:00h","navigation_address":"","show_condensed_search":false,"show_search_filter":false,"search_menu":"","show_search_menu_title":true,"show_locale_selector":false,"show_currency_selector":false}},"footer":{"type":"footer","blocks":{"c9a6c378-573f-4c54-9fc6-5ca6e279f3f2":{"type":"text","settings":{"title":"Atendimento ao Cliente","mostrar_logotipo":false,"logo_max_width_footer":180,"email":"sac@profissional.com","phone":"(00) 9000-0000","opening_hours":"Seg à Sex das 09:00h às 17:00h","address":"","content":""}},"footer-1":{"type":"links","settings":{"menu":"footer"}},"92231aec-75ae-4f44-bb61-3900d99ba87b":{"type":"links","settings":{"menu":"main-menu"}},"23b7e603-1746-4ba2-b8e6-5856acdfd7a5":{"type":"newsletter","settings":{"title":"Seja um Cliente VIP  ⭐⭐⭐⭐⭐","subheading":"<p>Cadastre-se e receba novidades e promoções em primeira mão!<\/p>"}}},"block_order":["c9a6c378-573f-4c54-9fc6-5ca6e279f3f2","footer-1","92231aec-75ae-4f44-bb61-3900d99ba87b","23b7e603-1746-4ba2-b8e6-5856acdfd7a5"],"settings":{"mostrar_barra":true,"background1":"#dc6a3a","background2":"#dc6a3a","background3":"#dc6a3a","mostrar_cnpj":true,"cnpjaqui":"CNPJ: 00.000.000\/0000-00","mostrar_mensagemdeaviso":false,"textdordp":"<p>Única loja oficial e registrada. Caso você compre os mesmos produtos em outras lojas,<strong> <\/strong>não nos responsabilizamos por quaisquer problemas.<\/p>","mostrar_bandeiras_rdp":true,"txt_bandeiras":"Formas de pagamento","mostrar_selospretos":false,"mostrar_selosbrancos":true,"mostrar_selo1":true,"selo1":"","mostrar_selo2":true,"selo2":"https:\/\/www.reclameaqui.com.br\/busca\/","mostrar_selo3":true,"selo3":"","show_social_media":true,"show_payment_icons":false,"mostrar_logopreta":false,"mostrar_logobranca":true,"show_locale_selector":false,"show_currency_selector":false,"show_cookie_bar":true,"text":"<p>Utilizamos cookies para melhorar nosso site e sua experiência de compra. Ao continuar navegando em nosso site, <strong>você está de acordo conforme nossa política quando a utilização de cookies.<\/strong><\/p>","accept_button":"ENTENDI E FECHAR"}},"slideshow":{"type":"slideshow","blocks":{"bbea030d-de91-4721-9ea1-9660f647bbd7":{"type":"image","settings":{"image":"shopify:\/\/shop_images\/Top-Avenida-BANNER-03.png","mobile_image":"shopify:\/\/shop_images\/TOP-AVENIDA--MOBILE-03.png","show_overlay":false,"overlay_opacity":32,"text_color":"#ffffff","title":"","content":"","content_position":"middle_center","button_background":"#f0f0f0","button_text_color":"#0d0d0d","button_text":"","link":""}},"fa2eac7c-9fbf-4ea9-a172-eca738a9012d":{"type":"image","disabled":true,"settings":{"image":"shopify:\/\/shop_images\/Top-Avenida-BANNER-01.png","mobile_image":"shopify:\/\/shop_images\/TOP-AVENIDA--MOBILE-01.png","show_overlay":false,"overlay_opacity":32,"text_color":"#ffffff","title":"","content":"","content_position":"middle_center","button_background":"#f0f0f0","button_text_color":"#0d0d0d","button_text":"","link":""}},"0e502142-0826-4375-93b6-de33c26784e2":{"type":"image","disabled":true,"settings":{"image":"shopify:\/\/shop_images\/Top-Avenida-BANNER-01.png","mobile_image":"shopify:\/\/shop_images\/TOP-AVENIDA--MOBILE-01.png","show_overlay":false,"overlay_opacity":32,"text_color":"#ffffff","title":"","content":"","content_position":"middle_center","button_background":"#f0f0f0","button_text_color":"#0d0d0d","button_text":"","link":""}}},"block_order":["bbea030d-de91-4721-9ea1-9660f647bbd7","fa2eac7c-9fbf-4ea9-a172-eca738a9012d","0e502142-0826-4375-93b6-de33c26784e2"],"settings":{"edge_to_edge":true,"section_size":"preserve_ratio","carousel_effect":"slide","autoplay":true,"cycle_speed":6}},"collection-list":{"type":"collection-list","disabled":true,"blocks":{"collection-0":{"type":"collection","settings":{"collection":""}},"collection-1":{"type":"collection","settings":{"collection":""}},"collection-2":{"type":"collection","settings":{"collection":""}},"collection-3":{"type":"collection","settings":{"collection":""}},"collection-4":{"type":"collection","settings":{"collection":""}},"collection-5":{"type":"collection","settings":{"collection":""}},"251025eb-4e17-48d5-b423-fc3c87660798":{"type":"collection","settings":{"collection":""}}},"block_order":["collection-0","collection-1","collection-2","collection-3","collection-4","collection-5","251025eb-4e17-48d5-b423-fc3c87660798"],"settings":{"title":"Our collections","link_title":"View all","link":"shopify:\/\/collections","round_images":true,"show_collection_title":true}},"collection-template":{"type":"collection-template","settings":{"show_collection_image":false,"collapse_collection_description":false,"collection_image_size":"small","products_per_row":"4","default_products_per_page":24,"default_view_layout":"grid","show_quick_buy":"list","show_quick_view":"list","quick_links":"main-menu","quick_links_show_products_count":false,"show_filters":false,"show_filter_color_swatch":false,"filter_type":"tag","open_group_filters_mode":"all_closed","filter_group_order":""}},"recently-viewed-products":{"type":"recently-viewed-products","settings":{"title":"Recently viewed","show_quick_buy":false}},"product-template":{"type":"product-template","settings":{"mostrar_quantidadevendidos":true,"text3":"Ultimas unidades!","mostrar_frete1":true,"selector_mode_background_shipping":"mod_1","titulofrete":"Entrega via Correios©","cordaborda":"#0d0d0d","mostrar_frete2":false,"mostrar_fretegratis":true,"mostrar_frete_full":true,"mostrar_correios":true,"mostrar_devolucao":true,"mostrar_garantia":true,"mostrar_maisvendido":true,"exibir_contador":true,"olho":true,"cart":false,"texto_fake_contador":"pessoas estão visualizando esse produto","bg_color":"#f15757","text_color":"#f0f0f0","tag_promocao":false,"text":"Ultimo dia de","text2":"Promoção","background":"#f15757","txt_color1":"#f0f0f0","mostrar_addtocart":true,"btn-suspenso-flut":true,"show_share_buttons":true,"show_quantity_selector":true,"quantity_selector_mode":"mod_2","title_variants_image":"color,colour,couleur,cor,cores,colore,farbe,색,色,カラー,färg,farve,opção,opções,quantidade,quantidades,dias,uso,tipo,tipos,modelo,modelos,material,materiais,unidade,unidades,combos,combo,pacote,pacotes","mostrar_btn_wtspp":false,"background_whatsapp_btn":"#ffffff","txt_whatsapp_btn":"#0fb930","wtspp_text":"Comprar pelo WhatsApp","whatsapplinknumber":"","mostrar_pix":false,"pix":"10","corbandeiras":"#0fb930","mostrar_bandeiras":false,"bandeiras_style":"b_style_1","parcelamento":true,"tabela_fechada":true,"mostrar_natalimg":false,"selector_mode_natalimg":"pre","mostrar_campo_personalizado":false,"mostrar_contador":true,"bg_contador":"#f5f5f5","txt_um_contador":"#0d0d0d","texto_contador":"Condição especial termina em","txt_dois_contador":"#f15757","mostrar_cssryviu":true,"mostrar_cssareviews":false,"mostrar_icone":true,"mostrar_codigodoitem":true,"mostrar_barra_de_entrega":false,"blackfriday":false,"selector_mode":"block","color_mode":"variant_image","show_payment_button":false,"image_size":"medium","enable_image_zoom":true,"enable_video_looping":true,"zoom_effect":"inside","carousel_effect":"fade","show_inventory_quantity":false,"low_inventory_threshold":1,"content_display_mode":"show_all_and_expand_description","tab_page_1_handle":"","tab_page_2_handle":"","tab_page_3_handle":"","enable_reviews":false,"show_reviews_badge":false,"trust_title":"Pagamento Seguro","show_payment_icons":false,"show_shipping_estimator":false,"shipping_estimator_default_country":"Brasil","show_refunds_policy":true}},"product-recommendations":{"type":"product-recommendations","settings":{"show_product_recommendations":true,"heading":"Talvez você também goste","show_quick_buy":false}},"announcement-bar":{"type":"announcement-bar","settings":{"show_announcement":true,"background1":"#0d0d0d","background2":"#0d0d0d","text_color":"#f0f0f0","mostraricone":true,"text":"Parcele em até 12x + Frete Grátis!","show_newsletter":true,"newsletter_button":"Newsletter","newsletter_title":"Seja um Cliente VIP  ⭐⭐⭐⭐⭐","newsletter_content":"<p>Se inscreva em nossa newsletter para receber as últimas promoções.<\/p>"}},"popups":{"type":"popups","blocks":{"2b3dee75-c47a-449e-a21f-1d3ef0366386":{"type":"exit","disabled":true,"settings":{"show_only_for_visitors":true,"show_only_once":false,"title":"Resgate","subheading":"no seu próximo pedido + ofertas exclusivas","show_newsletter":true,"button_text":"Pegar 15% de desconto","success_message":"Em breve você receberá um e-mail contendo seu cupom de desconto!","close_message":"Não, obrigado, prefiro pagar mais"}}},"block_order":["2b3dee75-c47a-449e-a21f-1d3ef0366386"],"settings":{}},"text-with-icons":{"type":"text-with-icons","blocks":{"text-with-icons-3":{"type":"item","settings":{"icon":"bi-credit-card","title":"Compra Segura","content":"<p>Ambiente seguro para pagamentos online com criptografia (SSL).<\/p>"}},"text-with-icons-0":{"type":"item","settings":{"icon":"bi-delivery","title":"Entrega Rastreável","content":"<p>Envio rápido e acompanhado com um código de rastreio.<\/p>"}},"text-with-icons-2":{"type":"item","settings":{"icon":"bi-comment","title":"Suporte Profissional","content":"<p>Equipe de suporte de extrema qualidade a semana toda.<\/p>"}},"text-with-icons-1":{"type":"item","settings":{"icon":"bi-heart","title":"Satisfação ou Reembolso","content":"<p>Caso haja algo, devolvemos seu dinheiro com velocidade.<\/p>"}}},"block_order":["text-with-icons-3","text-with-icons-0","text-with-icons-2","text-with-icons-1"],"settings":{"show_section":true,"stack_mobile":false}},"16153539675ef431a7":{"type":"featured-collection","settings":{"collection":"os-mais-vendidos-⭐","title":"Os mais vendidos! ⭐","products_count":10,"layout":"vertical","stack_desktop":false,"show_quick_buy":true,"link_title":"Ver mais","link_url":""}},"static-promotion-list":{"type":"static-promotion-list","settings":{"expand_items":false,"section_size":"medium","stack_mobile":false}},"static-recently-viewed-products":{"type":"static-recently-viewed-products","settings":{"show_section":false,"title":"Produtos que você viu recentemente","show_quick_buy":false}},"cart-template":{"type":"cart-template","settings":{"enable_order_notes":true,"mostrar_mensagempixcartao":false,"show_payment_icons":false,"gift_wrap_product":"camisa-4","gift_wrap_text":"Deseja garantia estendida?","gift_wrap_button":"Adicionar agora","show_shipping_estimator":true,"shipping_estimator_default_country":"Brazil","trust_heading":"Nossas garantias","upsell_heading":"Aproveite e leve também","upsell_collection":"os-mais-vendidos-⭐","upsell_products_count":8}},"static-newsletter":{"type":"static-newsletter","settings":{"show_section":false,"title":"Subscribe to our newsletter","content":"<p>A short sentence describing what someone will receive by subscribing<\/p>","subtext":"100% free, Unsubscribe any time!","background":"#1e2d7d","text":"#ffffff"}},"page-contact-template":{"type":"page-contact-template","settings":{"form_heading":"Preenche o formulário abaixo.","show_store_info":false,"store_heading":"","store_info":""}},"16494890143053ae61":{"type":"image-with-text","settings":{"image":"shopify:\/\/shop_images\/MOCKUP.png","image_position":"left","image_width":55,"title":"Quem somos?","content":"<p>Somos uma loja online dedicada à qualidade e atendimento excepcional, proporcionando uma experiência única de compra. Bem-vindo(a) ao nosso universo de produtos incríveis!<br\/><br\/>Desenvolvidos para atender suas necessidades e prezar pela satisfação e segurança entregando produtos da mais alta qualidade da melhor forma possível!<\/p><p><em><strong>Quer saber mais sobre nós e nossa equipe?<\/strong><\/em><br\/>Clique no botão abaixo<\/p>","button_text":"Saber mais sobre nós","button_link":"shopify:\/\/pages\/sobre-nos"}},"1649489657b78ca727":{"type":"collection-list","disabled":true,"blocks":{"0c56a93b-d66f-4823-ae91-bd01bb634a00":{"type":"collection","settings":{"collection":"mais-vendidos"}},"0e74d44a-7a6e-42a2-a965-0c10db9ba950":{"type":"collection","settings":{"collection":"mais-vendidos"}},"798eb5d3-7aa4-4523-ab47-0c17f64b23a0":{"type":"collection","settings":{"collection":"mais-vendidos"}},"b08d10b6-5c2a-4022-88cf-6276e9aa318b":{"type":"collection","settings":{"collection":"mais-vendidos"}},"5c732db3-c4e6-48c9-b132-b8b425055936":{"type":"collection","settings":{"collection":"mais-vendidos"}},"17cdca1b-e610-463b-9b55-ba6e96aebc0d":{"type":"collection","settings":{"collection":"mais-vendidos"}}},"block_order":["0c56a93b-d66f-4823-ae91-bd01bb634a00","0e74d44a-7a6e-42a2-a965-0c10db9ba950","798eb5d3-7aa4-4523-ab47-0c17f64b23a0","b08d10b6-5c2a-4022-88cf-6276e9aa318b","5c732db3-c4e6-48c9-b132-b8b425055936","17cdca1b-e610-463b-9b55-ba6e96aebc0d"],"settings":{"title":"O que você procura hoje?","content":"<p>Descubra novos produtos e conecte-se ao mundo das melhores ofertas! 😍<\/p>","link_title":"","collection_dm_new":true,"link":"shopify:\/\/collections","round_images":true,"show_collection_title":true}},"1649913264519d35a7":{"type":"collection-with-image","settings":{"collection":"em-promocao-🏷️","products_count":12,"background1":"#f7f7f7","background2":"#f0f0f0","text_color":"#0d0d0d","title":"Em promoção! 🏷️","content":"Aproveite nossos descontos e economize muito ao comprar os seus produtos favoritos! 😍","button_background":"#dc6a3a","button_text_color":"#f0f0f0","button_text":"Ver mais produtos","button_link":""}},"minimal-header":{"type":"minimal-header","settings":{"logo":"shopify:\/\/shop_images\/LOGOMARCA_ISO_COLORIDO_ecc51cc9-6d7c-44e7-abfe-2dd750c53836.png","logo_max_width":175,"mobile_logo_max_width":145}},"password-template":{"type":"password-template","settings":{"show_social_media":true,"heading":"Loja milionária em construção!","text":"<p>Para acessar e sentir o gostinho do sucesso, coloque a senha \"4321\".<\/p>","show_newsletter_signup":false,"newsletter_text":"<p>A short sentence describing what someone will receive by subscribing.<\/p>"}},"list-collections-template":{"type":"list-collections-template","settings":{"collections_to_show":"all","show_collection_title":true,"show_collection_overlay":true,"collection_overlay_opacity":20}},"a714572f-2984-4cdc-945f-48517732a33e":{"type":"slideshow","blocks":{"0bf59ae2-1093-472a-bacb-8395df52d6be":{"type":"image","settings":{"image":"shopify:\/\/shop_images\/Top-Avenida-BANNER-02-2.png","mobile_image":"shopify:\/\/shop_images\/TOP-AVENIDA--MOBILE-02.png","show_overlay":false,"overlay_opacity":32,"text_color":"#ffffff","title":"","content":"","content_position":"middle_center","button_background":"#f0f0f0","button_text_color":"#0d0d0d","button_text":"","link":""}}},"block_order":["0bf59ae2-1093-472a-bacb-8395df52d6be"],"settings":{"edge_to_edge":false,"section_size":"preserve_ratio","carousel_effect":"slide","autoplay":false,"cycle_speed":5}}},"content_for_index":["slideshow","1649489657b78ca727","16153539675ef431a7","a714572f-2984-4cdc-945f-48517732a33e","1649913264519d35a7","16494890143053ae61"],"blocks":{"1990815452989453926":{"type":"shopify:\/\/apps\/ryviu-aliexpress-reviews-app\/blocks\/ryviu-js\/807ad6ed-1a6a-4559-abea-ed062858d9da","disabled":false,"settings":{}}}},"presets":{"Metal":{"heading_color":"#1e2d7d","text_color":"#677279","accent_color":"#00badb","link_color":"#00badb","border_color":"#e1e3e4","background":"#f3f5f6","secondary_background":"#ffffff","error_color":"#ff0000","success_color":"#00aa00","primary_button_background":"#00badb","primary_button_text_color":"#ffffff","secondary_button_background":"#1e2d7d","secondary_button_text_color":"#ffffff","header_background":"#1e2d7d","header_text_color":"#ffffff","header_light_text_color":"#a3afef","header_accent_color":"#00badb","product_on_sale_accent":"#ee0000","product_in_stock_color":"#008a00","product_low_stock_color":"#ee0000","product_sold_out_color":"#8a9297","product_label_1_background":"#008a00","product_label_2_background":"#00a500","product_star_color":"#ffbd00","addzap":true,"zapicon":true,"imagezap":"shopify:\/\/shop_images\/super-oferta.png","numberzap":"5551984869182","titlezap":"Fale Conosco \n<span>\nO melhor suporte é com a Luky Ofertas!\n<\/span>","colorzap":"#ff7200","chatzap":"Olá, estou aqui para te ajudar!","digizap":"Digite sua mensagem...","base_text_font_size":16,"heading_font":"din_next_n5","text_font":"din_next_n4","underline_links":true,"animation_image_zoom":true,"search_mode":"product,article","show_vendor":true,"show_secondary_image":true,"product_price_position":"after_title","product_image_size":"natural","show_discount":true,"discount_mode":"saving","show_color_swatch":false,"show_inventory_quantity":false,"low_inventory_threshold":0,"show_reviews_badge":false,"cart_type":"drawer","cart_empty_button_link":"shopify:\/\/collections\/all","cart_show_free_shipping_threshold":false,"cart_free_shipping_threshold":"50","share_image":"","social_facebook":"","social_twitter":"","social_google_plus":"","social_pinterest":"","social_instagram":"","social_vimeo":"","social_tumblr":"","social_youtube":"","social_linkedin":"","social_snapchat":"","social_fancy":"","favicon":"","checkout_header_image":"","checkout_logo_image":"","checkout_logo_position":"left","checkout_logo_size":"medium","checkout_body_background_image":"","checkout_body_background_color":"#fff","checkout_input_background_color_mode":"white","checkout_sidebar_background_image":"","checkout_sidebar_background_color":"#fafafa","checkout_heading_font":"-apple-system, BlinkMacSystemFont, 'Segoe UI', Roboto, Helvetica, Arial, sans-serif, 'Apple Color Emoji', 'Segoe UI Emoji', 'Segoe UI Symbol'","checkout_body_font":"-apple-system, BlinkMacSystemFont, 'Segoe UI', Roboto, Helvetica, Arial, sans-serif, 'Apple Color Emoji', 'Segoe UI Emoji', 'Segoe UI Symbol'","checkout_accent_color":"#00badb","checkout_button_color":"#00badb","checkout_error_color":"#ff0000","sections":{"header":{"type":"header","settings":{"logo":"","logo_max_width":140,"mobile_logo_max_width":100,"navigation_menu":"main-menu","desktop_navigation_layout":"inline","desktop_navigation_open_trigger":"hover","navigation_phone_number":"Call us 000-000-0000","navigation_email":"info@yourwebsite.com","search_menu":""}},"footer":{"type":"footer","blocks":{"footer-0":{"type":"text","settings":{"title":"About the shop","content":"<p>Use this text area to tell your customers about your brand and vision. You can change it in the theme settings.<\/p>"}},"footer-1":{"type":"links","settings":{"menu":"footer"}},"footer-2":{"type":"newsletter","settings":{"title":"Newsletter","subheading":"<p>A short sentence describing what someone will receive by subscribing<\/p>"}}},"block_order":["footer-0","footer-1","footer-2"],"settings":{"show_social_media":true,"show_payment_icons":true}},"slideshow":{"type":"slideshow","blocks":{"slide-0":{"type":"image","settings":{"image":"","mobile_image":"","text_color":"#ffffff","title":"Tell your story","content":"Tell your story","content_position":"bottomLeft","button_background":"#ffffff","button_text_color":"#000000","button_text":"Button","link":""}},"slide-1":{"type":"image","settings":{"image":"","mobile_image":"","text_color":"#ffffff","title":"Tell your story","content":"Tell your story","content_position":"bottomLeft","button_background":"#ffffff","button_text_color":"#000000","button_text":"Button","link":""}}},"block_order":["slide-0","slide-1"],"settings":{"edge_to_edge":true,"section_size":"preserve_ratio","cycle_speed":5}},"collection-list":{"type":"collection-list","blocks":{"collection-0":{"type":"collection","settings":{"collection":"","image":""}},"collection-1":{"type":"collection","settings":{"collection":"","image":""}},"collection-2":{"type":"collection","settings":{"collection":"","image":""}},"collection-3":{"type":"collection","settings":{"collection":"","image":""}},"collection-4":{"type":"collection","settings":{"collection":"","image":""}},"collection-5":{"type":"collection","settings":{"collection":"","image":""}}},"block_order":["collection-0","collection-1","collection-2","collection-3","collection-4","collection-5"],"settings":{"title":"Our collections","link_title":"View all","link":"shopify:\/\/collections"}},"featured-product":{"type":"featured-product","settings":{"product":"","title":"Featured product","selector_mode":"block","color_mode":"color","zoom_effect":"outside","carousel_effect":"fade","low_inventory_threshold":0}},"collection-template":{"type":"collection-template","settings":{"collection_image_size":"small","default_view_layout":"grid","show_quick_buy":"list","show_quick_view":"list","quick_links":"","filter_type":"tag"}},"recently-viewed-products":{"type":"recently-viewed-products","settings":{"title":"Recently viewed"}},"product-template":{"type":"product-template","settings":{"selector_mode":"block","color_mode":"color","zoom_effect":"outside","carousel_effect":"fade","low_inventory_threshold":0,"tab_page_1_handle":"","tab_page_2_handle":"","tab_page_3_handle":"","custom_security_badge":""}},"product-recommendations":{"type":"product-recommendations","settings":{}},"announcement-bar":{"type":"announcement-bar","settings":{"text_color":"#ffffff","text":"Announce something here","newsletter_button":"Subscribe & Save","newsletter_title":"Newsletter","newsletter_content":"<p>A short sentence describing what someone will receive by subscribing<\/p>"}},"1542984811767":{"type":"featured-collection","settings":{"collection":"","title":"Featured collection","products_count":12,"layout":"vertical","link_title":"View all"}},"1542984842027":{"type":"newsletter","settings":{"title":"Newsletter","content":"<p>A short sentence describing what someone will receive by subscribing<\/p>"}},"1542984882560":{"type":"blog-posts","settings":{"blog":"news","title":"Blog posts"}}},"content_for_index":["slideshow","1542984811767","collection-list","1542984842027","featured-product","1542984882560"]},"Wood":{"heading_color":"#3a2a2f","text_color":"#3a2a2f","accent_color":"#ff6128","link_color":"#ff6128","border_color":"#e7e2de","background":"#f7f4f2","secondary_background":"#ffffff","error_color":"#f71b1b","success_color":"#48b448","primary_button_background":"#ff6128","primary_button_text_color":"#ffffff","secondary_button_background":"#3a2a2f","secondary_button_text_color":"#ffffff","header_background":"#3a2a2f","header_text_color":"#ffffff","header_light_text_color":"#e9e2dd","header_accent_color":"#ff6128","product_on_sale_accent":"#ee0000","product_in_stock_color":"#008a00","product_low_stock_color":"#ee0000","product_sold_out_color":"#d1d1d4","product_label_1_background":"#ff6128","product_label_2_background":"#a95ebe","product_star_color":"#ffb647","base_text_font_size":15,"heading_font":"itc_avant_garde_gothic_n5","text_font":"basic_commercial_n4","underline_links":true,"animation_image_zoom":true,"search_mode":"product,article,page","show_vendor":true,"show_secondary_image":true,"show_discount":true,"discount_mode":"percentage","product_price_position":"after_title","product_image_size":"square","show_color_swatch":false,"show_inventory_quantity":true,"low_inventory_threshold":1,"show_reviews_badge":false,"cart_type":"drawer","cart_empty_button_link":"shopify:\/\/collections\/all","cart_show_free_shipping_threshold":true,"cart_free_shipping_threshold":"50","checkout_logo_position":"center","checkout_logo_size":"medium","checkout_body_background_image":"","checkout_body_background_color":"#fff","checkout_input_background_color_mode":"white","checkout_sidebar_background_image":"","checkout_sidebar_background_color":"#f7f4f2","checkout_heading_font":"-apple-system, BlinkMacSystemFont, 'Segoe UI', Roboto, Helvetica, Arial, sans-serif, 'Apple Color Emoji', 'Segoe UI Emoji', 'Segoe UI Symbol'","checkout_body_font":"-apple-system, BlinkMacSystemFont, 'Segoe UI', Roboto, Helvetica, Arial, sans-serif, 'Apple Color Emoji', 'Segoe UI Emoji', 'Segoe UI Symbol'","checkout_accent_color":"#ff6128","checkout_button_color":"#ff6128","checkout_error_color":"#f71b1b","sections":{"header":{"type":"header","settings":{"logo":"","logo_max_width":140,"mobile_logo_max_width":100,"navigation_menu":"main-menu","desktop_navigation_layout":"inline","desktop_navigation_open_trigger":"hover","navigation_phone_number":"Call us 000-000-0000","navigation_email":"info@yourwebsite.com","search_menu":""}},"footer":{"type":"footer","blocks":{"footer-0":{"type":"text","settings":{"title":"About the shop","content":"<p>Use this text area to tell your customers about your brand and vision. You can change it in the theme settings.<\/p>"}},"footer-1":{"type":"links","settings":{"menu":"footer"}},"footer-2":{"type":"newsletter","settings":{"title":"Newsletter","subheading":"<p>A short sentence describing what someone will receive by subscribing<\/p>"}}},"block_order":["footer-0","footer-1","footer-2"],"settings":{"show_social_media":true,"show_payment_icons":true}},"slideshow":{"type":"slideshow","blocks":{"slide-0":{"type":"image","settings":{"image":"","mobile_image":"","text_color":"#ffffff","title":"Tell your story","content":"Tell your story","content_position":"bottomLeft","button_background":"#ffffff","button_text_color":"#000000","button_text":"Button","link":""}},"slide-1":{"type":"image","settings":{"image":"","mobile_image":"","text_color":"#ffffff","title":"Tell your story","content":"Tell your story","content_position":"bottomLeft","button_background":"#ffffff","button_text_color":"#000000","button_text":"Button","link":""}}},"block_order":["slide-0","slide-1"],"settings":{"edge_to_edge":true,"section_size":"preserve_ratio","cycle_speed":5}},"collection-list":{"type":"collection-list","blocks":{"collection-0":{"type":"collection","settings":{"collection":"","image":""}},"collection-1":{"type":"collection","settings":{"collection":"","image":""}},"collection-2":{"type":"collection","settings":{"collection":"","image":""}},"collection-3":{"type":"collection","settings":{"collection":"","image":""}},"collection-4":{"type":"collection","settings":{"collection":"","image":""}},"collection-5":{"type":"collection","settings":{"collection":"","image":""}}},"block_order":["collection-0","collection-1","collection-2","collection-3","collection-4","collection-5"],"settings":{"title":"Our collections","link_title":"View all","link":"shopify:\/\/collections"}},"collection-template":{"type":"collection-template","settings":{"collection_image_size":"small","default_view_layout":"grid","show_quick_buy":"list","show_quick_view":"list","quick_links":"","filter_type":"tag"}},"recently-viewed-products":{"type":"recently-viewed-products","settings":{"title":"Recently viewed"}},"product-template":{"type":"product-template","settings":{"selector_mode":"block","color_mode":"color","zoom_effect":"outside","carousel_effect":"fade","low_inventory_threshold":0,"tab_page_1_handle":"","tab_page_2_handle":"","tab_page_3_handle":"","custom_security_badge":""}},"product-recommendations":{"type":"product-recommendations","settings":{}},"announcement-bar":{"type":"announcement-bar","settings":{"text_color":"#ffffff","text":"Announce something here","newsletter_button":"Subscribe & Save","newsletter_title":"Newsletter","newsletter_content":"<p>A short sentence describing what someone will receive by subscribing<\/p>"}},"1542984811767":{"type":"featured-collection","settings":{"collection":"","title":"Featured collection","products_count":12,"layout":"vertical","link_title":"View all"}},"1550833441117":{"type":"collection-with-image","settings":{"collection":"","products_count":12,"image":"","text_color":"#ffffff","title":"Our best sellers","content":"Shop our most popular products for this season.","button_background":"#e95d2b","button_text_color":"#ffffff","button_text":"Learn more","button_link":""}},"1555314133560":{"type":"promotion-list","blocks":{"1555314133560-0":{"type":"item","settings":{"image":"","show_overlay":false,"stretch_image":false,"background":"#6f42ef","text_color":"#ffffff","title":"Your heading","content":"Tell more about your product, collection...","button_background":"#ffffff","button_text_color":"#6f42ef","button_text":"Learn more","button_link":""}},"1555314133560-1":{"type":"item","settings":{"image":"","show_overlay":false,"stretch_image":false,"background":"#fc2a68","text_color":"#ffffff","title":"Your heading","content":"Tell more about your product, collection...","button_background":"#ffffff","button_text_color":"#fc2a68","button_text":"Learn more","button_link":""}},"1555314133560-2":{"type":"item","settings":{"image":"","show_overlay":false,"stretch_image":false,"background":"#26c1ce","text_color":"#ffffff","title":"Your heading","content":"Tell more about your product, collection...","button_background":"#ffffff","button_text_color":"#26c1ce","button_text":"Learn more","button_link":""}}},"block_order":["1555314133560-0","1555314133560-1","1555314133560-2"],"settings":{"expand_items":false,"section_size":"medium","stack_mobile":false}},"1542984882560":{"type":"blog-posts","settings":{"blog":"news","title":"Blog posts"}}},"content_for_index":["slideshow","1542984811767","1555314133560","collection-list","1550833441117","1542984882560"]}}}