{"type":"header","name":"Grupo do Cabeçalho","sections":{"announcement-bar":{"type":"announcement-bar","settings":{"show_announcement":true,"background1":"#262626","background2":"#262626","text_color":"#f0f0f0","mostraricone":true,"text":"Parcele em até 12x + Frete Grátis!","show_newsletter":true,"newsletter_button":"Newsletter","newsletter_title":"Seja um Cliente VIP ⭐⭐⭐⭐⭐","newsletter_content":"<p>Se inscreva em nossa newsletter para receber as últimas promoções.<\/p>"}},"header":{"type":"header","settings":{"enable_sticky_header":false,"box_shadow_header_active":true,"show_track_order_header":true,"rastreiopage":"rastrear-pedido","selector_style_search_icon":"style_2","logo":"shopify:\/\/shop_images\/ADESIGN-LOGO-__A.png","logo_max_width":180,"mobile_logo_max_width":100,"mostrar_barra":true,"background1":"#dc6a3a","background2":"#dc6a3a","background3":"#dc6a3a","barraimg_top":false,"barraimg_bottom":false,"bgimg":"#262626","imgpc_max_height":50,"imgmob_max_height":50,"linkimg":"https:\/\/adesignoficial.com\/","mostrar_bar_info_shipping":false,"bg_bar_info_bold":"#262626","bg_bar_info_normal":"#f0f0f0","navigation_menu":"main-menu","desktop_navigation_layout":"inline","desktop_navigation_open_trigger":"hover","show_navigation_social_media":true,"navigation_email":"sac@profissional.com","navigation_phone_number":"(00) 9000-0000","navigation_opening_hours":"Seg à Sex das 09:00h às 17:00h","navigation_address":"","show_condensed_search":true,"show_search_filter":false,"search_menu":"","show_search_menu_title":false,"show_locale_selector":true,"show_currency_selector":true}}},"order":["announcement-bar","header"]}