{"type":"custom.overlay","name":"Grupo de Overlay","sections":{"popups":{"type":"popups","blocks":{"648baf94-dcff-4aa8-9e0b-52e38f555936":{"type":"newsletter","disabled":true,"settings":{"show_only_on_index":true,"show_only_for_visitors":true,"show_only_once":true,"title":"Popup","content":"<p>You can use this popup to display some useful information to your customers.<\/p>","show_newsletter":true,"apparition_delay":5}},"86c4af9c-45f0-43d9-bd08-0343b04a27b8":{"type":"exit","disabled":true,"settings":{"show_only_for_visitors":true,"show_only_once":true,"title":"Get 15% off","subheading":"on your next order + exclusive offers","show_newsletter":true,"button_text":"Get my 15% off","success_message":"You will receive soon an email containing your discount code!","close_message":"No thanks, I'd rather pay more"}}},"block_order":["648baf94-dcff-4aa8-9e0b-52e38f555936","86c4af9c-45f0-43d9-bd08-0343b04a27b8"],"settings":{}}},"order":["popups"]}